regions	sites	asin	sku	title
com,ca	amazon	B00N2941N8	Home Master TMHP	Home Master TMHP HydroPerfection Undersink RO System
com,ca	amazon	B011T65J9A	Brondell H2O+	Brondell H2O+ Circle Water Saving Reverse Osmosis Water Filter System, WQA Gold Seal Certified
com,ca	amazon	B00ZSN5QFS	Water Filter Tree 5-stage RO	Water Filter Tree Reverse Osmosis Water Filter System - 5 stages (RO, CTO, Sediment, UDF and Activated Carbon)
com,ca	amazon	B00IB14XDU	APEC RO-CTOP	APEC Water - US Made - Countertop Reverse Osmosis Water Filter - Portable & Installation-Free (RO-CTOP)
com,ca	amazon	B00I5WSO8A	APEC ES50 Filter Set	APEC Water Systems FILTER-MAX-ES50 50 GPD Essence 5 Stage High Capacity Filter Set
com,ca	amazon	B0091OBMY4	Watts RO-Pure 531411	Watts Premier RO-Pure 531411 4-Stage Reverse Osmosis System
com,ca	amazon	B008EM5XGC	Purenex 2C-S-IM100 Filter Set	Purenex 2C-S-IM100 100 Gpd Purenex Residential 5 Stage Reverse Osmosis Water Filtration System Set
com,ca	amazon	B002JLACGK	Hydro-Logic RO100	Hydro-Logic 31035 100-GPD Stealth-RO100
com,ca	amazon	B002C0A7ZY	HM TDS-EZ	HM Digital TDS-EZ Water Quality TDS Tester
com,ca	amazon,homedepot	B00NWZ1RCK	APEC PH-75	APEC-Premium-5-Stage-Reverse-Drinking
com,ca	amazon,homedepot	B00HRHHFPW	APEC RO-90	APEC-Premium-5-Stage-Reverse-Drinking
com,ca	amazon,homedepot	B00I0ZGOZM	APEC RO50	APEC-Premium-5-Stage-Reverse-Drinking
com,ca	amazon,homedepot	B00N5D7ZFW	APEC ICEK	APEC-Premium-5-Stage-Reverse-Drinking
com	amazon,homedepot	B00J2DGTD8	ExpressWater RO5DX	APEC-Premium-5-Stage-Reverse-Drinking
com	amazon,homedepot	B005A3WM6C	HomeMaster TMAFC	APEC-Premium-5-Stage-Reverse-Drinking